{
  "mean": [
    0.0,
    0.0,
    0.0,
    0.006726431005860346,
    -0.24038794681445344,
    -0.07901894616030909,
    0.018363326471887407,
    -0.5191941609751995,
    -0.14402741866924884,
    0.027969046827284537,
    -0.7123678247616653,
    -0.21134326414275623,
    0.0363654936984744,
    -0.8344811272307712,
    -0.2771843450142443,
    0.03567710962539478,
    -0.8587521987648475,
    -0.11245219788969063,
    0.03629980231505982,
    -0.9780237214087356,
    -0.23409942262334302,
    0.030167433007536836,
    -1.0120800207616911,
    -0.3151203800755259,
    0.024064657185371374,
    -1.0557196507137492,
    -0.3674434041304082,
    0.03727924754180535,
    -0.7717615143234072,
    -0.13753369894541212,
    0.03187834768074192,
    -0.776797929430745,
    -0.27971620575835704,
    0.023830154016120417,
    -0.6634885177571195,
    -0.3139958108414958,
    0.01944747160108155,
    -0.6351728306112383,
    -0.3135513686751986,
    0.035588626300550485,
    -0.6263209149381933,
    -0.1730603980817226,
    0.03107475393621024,
    -0.6084410879510471,
    -0.30009911466686284,
    0.02489211359985017,
    -0.5130888267687129,
    -0.2684301712927868,
    0.02081894247538936,
    -0.5034585200718544,
    -0.2226912882453972,
    0.02961094465955861,
    -0.4491319007311438,
    -0.21719717382817627,
    0.029144472314392544,
    -0.45120113290773883,
    -0.2952884515706233,
    0.02576869952351514,
    -0.3890995951509137,
    -0.25890419240745155,
    0.022730966422518553,
    -0.3878622016344087,
    -0.21293560254062163
  ],
  "scale": [
    1.0,
    1.0,
    1.0,
    0.2524876810850299,
    0.21157530485147777,
    0.07267758921876002,
    0.5005064996458599,
    0.3185097421383937,
    0.10688966604979434,
    0.6765306970601098,
    0.4029728067887522,
    0.13372476469043232,
    0.7960420229046372,
    0.5032707437376083,
    0.15961121679777765,
    0.5688959721809491,
    0.18343264315648036,
    0.11296714625472654,
    0.8516118911320472,
    0.36451585196734887,
    0.14221953065658996,
    1.022884090282428,
    0.5054482118461671,
    0.16012800592392598,
    1.1635553841558401,
    0.617682249466597,
    0.17184086016690028,
    0.5316362969309619,
    0.30159945098809543,
    0.10236954229306826,
    0.7185952128002177,
    0.43060016494436326,
    0.1463066068187103,
    0.6158590335660106,
    0.5374311566244145,
    0.1591262542392707,
    0.5117883283482021,
    0.6425975511335094,
    0.16046092748824234,
    0.49760877501652245,
    0.4220127365234442,
    0.09560173334387649,
    0.6318611034321229,
    0.4855459555411496,
    0.13852024368576568,
    0.5332410351700083,
    0.552243934823093,
    0.13772834898219152,
    0.439878325782983,
    0.6334349037039547,
    0.13497176018308527,
    0.48764496704394183,
    0.5127117769037554,
    0.09866579985785633,
    0.5765446823388608,
    0.5244745654089191,
    0.13002511010329068,
    0.4977113243973674,
    0.5349563741936609,
    0.13536796558456315,
    0.42332551995034284,
    0.5809942878806826,
    0.14007446290642542
  ],
  "classes": [
    "next",
    "pause",
    "play",
    "prev",
    "zoom_in",
    "zoom_out"
  ]
}